question,url,matched_keywords,drafted_answer,timestamp
How can digital marketing help me grow my business?,https://www.quora.com/How-can-digital-marketing-help-me-grow-my-business,Growth Hacking,Short draft (do not post): perspective on Growth Hacking. Context: “How can digital marketing help me grow my business?”.,2025-10-04T13:17:30.056Z
How do I grow my business?,https://www.quora.com/How-do-I-grow-my-business,Growth Hacking,Short draft (do not post): perspective on Growth Hacking. Context: “How do I grow my business?”.,2025-10-04T13:17:30.056Z
What is the need for digital marketing for startups?,https://www.quora.com/What-is-the-need-for-digital-marketing-for-startups,Growth Hacking,Short draft (do not post): perspective on Growth Hacking. Context: “What is the need for digital marketing for startups?”.,2025-10-04T13:17:30.056Z
Why is digital marketing growing rapidly?,https://www.quora.com/Why-is-digital-marketing-growing-rapidly,Growth Hacking,Short draft (do not post): perspective on Growth Hacking. Context: “Why is digital marketing growing rapidly?”.,2025-10-04T13:17:30.056Z
How do I get more followers on Instagram?,https://www.quora.com/How-do-I-get-more-followers-on-Instagram-8,Growth Hacking,Short draft (do not post): perspective on Growth Hacking. Context: “How do I get more followers on Instagram?”.,2025-10-04T13:17:30.056Z
What is the best way to generate traffic to a WordPress blog?,https://www.quora.com/What-is-the-best-way-to-generate-traffic-to-a-WordPress-blog,Growth Hacking,Short draft (do not post): perspective on Growth Hacking. Context: “What is the best way to generate traffic to a WordPress blog?”.,2025-10-04T13:17:30.056Z
What are the best growth tactics to scale an e-commerce business?,https://www.quora.com/What-are-the-best-growth-tactics-to-scale-an-e-commerce-business,Growth Hacking,Short draft (do not post): perspective on Growth Hacking. Context: “What are the best growth tactics to scale an e-commerce business?”.,2025-10-04T13:17:30.056Z
How do I grow on Instagram?,https://www.quora.com/How-do-I-grow-on-Instagram-1?no_redirect=1,Growth Hacking,Short draft (do not post): perspective on Growth Hacking. Context: “How do I grow on Instagram?”.,2025-10-04T13:17:30.056Z
How can I make money on Instagram with 2k followers?,https://www.quora.com/How-can-I-make-money-on-Instagram-with-2k-followers,Growth Hacking,Short draft (do not post): perspective on Growth Hacking. Context: “How can I make money on Instagram with 2k followers?”.,2025-10-04T13:17:30.057Z
What is the best way to promote YouTube videos?,https://www.quora.com/What-is-the-best-way-to-promote-YouTube-videos,Growth Hacking,Short draft (do not post): perspective on Growth Hacking. Context: “What is the best way to promote YouTube videos?”.,2025-10-04T13:17:30.057Z
